City_ID,City,Lat,Lng,Max Temp,Humidity,Cloudiness,Wind Speed,Country,Date
0,tubuala,9.5167,-79.0333,298.84,81,20,3.31,PA,1673155729
1,tongchuan,35.0806,109.0897,285.43,18,0,1.05,CN,1673155527
2,tupik,54.4253,119.9327,251.8,91,93,0.58,RU,1673155731
3,hermanus,-34.4187,19.2345,293.04,79,4,4.7,ZA,1673155724
4,jeremie,18.65,-74.1167,296.94,78,0,1.95,HT,1673155736
5,butaritari,3.0707,172.7902,299.98,82,26,5.74,KI,1673155736
6,saint george,37.1041,-113.5841,282.28,64,0,2.57,US,1673155301
7,cape town,-33.9258,18.4232,293.77,73,0,2.57,ZA,1673155738
8,torbay,47.6666,-52.7314,272.36,88,75,2.24,CA,1673155738
9,kabalo,-6.05,26.9167,293.0,97,100,0.47,CD,1673155477
10,novikovo,51.1537,37.8879,256.22,91,6,1.0,RU,1673155740
11,bluff,-46.6,168.3333,291.65,61,0,10.27,NZ,1673155714
12,bredasdorp,-34.5322,20.0403,291.73,82,5,3.09,ZA,1673155741
13,paamiut,61.994,-49.6678,269.68,95,100,3.05,GL,1673155742
14,fukue,32.6881,128.8419,287.35,44,0,3.6,JP,1673155236
15,longyearbyen,78.2186,15.6401,269.06,74,40,4.12,SJ,1673155612
16,berlevag,70.8578,29.0864,263.15,81,34,10.05,NO,1673155536
17,saint-georges,12.0564,-61.7485,298.18,82,99,6.77,GD,1673155744
18,rikitea,-23.1203,-134.9692,298.84,72,1,6.48,PF,1673155491
19,nhulunbuy,-12.2333,136.7667,302.49,79,75,4.12,AU,1673155745
20,mataura,-46.1927,168.8643,297.31,36,0,3.85,NZ,1673155737
21,busselton,-33.65,115.3333,299.5,42,1,5.31,AU,1673155730
22,vao,-22.6667,167.4833,300.04,85,100,15.48,NC,1673155749
23,tiksi,71.6872,128.8694,231.9,100,74,1.19,RU,1673155577
24,mahebourg,-20.4081,57.7,301.31,69,75,5.14,MU,1673155594
25,ushuaia,-54.8,-68.3,283.96,71,20,2.06,AR,1673155691
26,price,39.5994,-110.8107,272.74,80,100,0.0,US,1673155753
27,tasiilaq,65.6145,-37.6368,264.24,57,17,4.82,GL,1673155550
28,contamana,-7.3333,-75.0167,294.96,83,69,1.01,PE,1673155754
29,yeppoon,-23.1333,150.7333,304.03,65,12,4.72,AU,1673155209
30,yellowknife,62.456,-114.3525,249.95,100,97,1.98,CA,1673155722
31,usinsk,65.9939,57.5281,237.11,97,6,3.44,RU,1673155756
32,itoman,26.1247,127.6694,294.36,50,20,3.6,JP,1673155547
33,san quintin,30.4833,-115.95,287.68,68,53,2.01,MX,1673155757
34,barrow,71.2906,-156.7887,248.16,84,100,6.17,US,1673155530
35,vaini,-21.2,-175.2,303.24,84,75,3.6,TO,1673155694
36,dukat,62.55,155.55,233.1,97,87,1.59,RU,1673155759
37,marevo,57.3146,32.0804,257.0,86,10,2.79,RU,1673155566
38,margate,51.3813,1.3862,282.21,82,29,2.24,GB,1673155760
39,pyapon,16.2833,95.6833,302.64,44,2,2.29,MM,1673155761
40,voyvozh,62.892,54.9635,232.35,100,97,1.69,RU,1673155762
41,qaanaaq,77.484,-69.3632,248.26,100,100,1.37,GL,1673155697
42,hobart,-42.8794,147.3294,302.19,49,20,2.57,AU,1673155716
43,jamestown,42.097,-79.2353,272.6,70,100,3.6,US,1673155487
44,albany,42.6001,-73.9662,271.84,72,9,2.68,US,1673155699
45,roebourne,-20.7833,117.1333,308.84,37,49,7.89,AU,1673155767
46,atuona,-9.8,-139.0333,299.06,75,8,6.81,PF,1673155738
47,yulara,-25.2406,130.9889,298.29,48,91,11.62,AU,1673155573
48,sitka,57.0531,-135.33,280.09,70,100,6.17,US,1673155768
49,bethel,41.3712,-73.414,274.53,80,0,1.54,US,1673155769
50,serrinha,-11.6642,-39.0075,293.25,93,60,2.08,BR,1673155770
51,aklavik,68.2191,-135.0107,243.74,100,74,2.25,CA,1673155430
52,vila franca do campo,37.7167,-25.4333,289.38,88,98,5.89,PT,1673155234
53,luderitz,-26.6481,15.1594,289.71,83,2,4.11,NA,1673155569
54,hithadhoo,-0.6,73.0833,299.89,78,74,3.02,MV,1673155531
55,punta arenas,-53.15,-70.9167,284.21,66,0,2.06,CL,1673155755
56,kapaa,22.0752,-159.319,297.33,84,0,0.0,US,1673155749
57,darhan,49.4867,105.9228,260.97,89,96,0.68,MN,1673155773
58,castro,-24.7911,-50.0119,287.43,85,59,4.2,BR,1673155593
59,nerchinskiy zavod,51.3088,119.61,255.57,91,82,1.03,RU,1673155774
60,houma,29.5958,-90.7195,290.93,91,0,3.09,US,1673155335
61,egvekinot,66.3167,-179.1667,250.04,88,47,3.62,RU,1673155774
62,taksimo,56.3444,114.8794,256.44,92,100,0.09,RU,1673155776
63,narsaq,60.9167,-46.05,263.27,69,100,3.83,GL,1673155199
64,cidreira,-30.1811,-50.2056,294.79,73,2,5.5,BR,1673155777
65,rostovka,55.3842,71.8891,256.67,97,100,4.03,RU,1673155778
66,ypsonas,34.6884,32.9574,284.62,82,0,1.54,CY,1673155779
67,bud,39.447,-86.1758,274.16,88,27,2.84,US,1673155779
68,cherskiy,68.75,161.3,242.15,98,100,3.16,RU,1673155780
69,khani,41.9563,42.9566,271.91,98,100,0.4,GE,1673155781
70,muroto,33.2833,134.15,283.79,52,0,1.95,JP,1673155705
71,port alfred,-33.5906,26.891,293.25,81,4,0.89,ZA,1673155668
72,spring valley,36.108,-115.245,282.1,66,75,1.54,US,1673155783
73,puerto ayora,-0.7393,-90.3518,295.68,95,11,2.02,EC,1673155534
74,new norfolk,-42.7826,147.0587,302.54,21,0,1.79,AU,1673155228
75,port elizabeth,-33.918,25.5701,294.44,85,0,4.12,ZA,1673155390
76,nishihara,26.1842,127.7558,293.96,51,40,3.6,JP,1673155657
77,sharan,54.8167,54.0,245.33,99,100,2.31,RU,1673155785
78,avera,33.194,-82.5271,282.25,57,0,0.07,US,1673155786
79,carnarvon,-24.8667,113.6333,302.54,44,0,8.52,AU,1673155558
80,namibe,-15.1961,12.1522,294.03,68,87,2.52,AO,1673155787
81,ponta do sol,32.6667,-17.1,292.43,80,35,3.34,PT,1673155561
82,coahuayana,18.7333,-103.6833,294.2,87,1,1.49,MX,1673155790
83,staritsa,56.5075,34.9354,250.62,96,17,1.6,RU,1673155790
84,nome,64.5011,-165.4064,265.19,93,100,2.57,US,1673155324
85,laguna,38.421,-121.4238,286.35,69,100,10.29,US,1673155792
86,perumpavur,10.1333,76.4833,303.1,54,0,1.54,IN,1673155792
87,jieshi,22.8134,115.8257,290.98,55,100,7.81,CN,1673155794
88,denpasar,-8.65,115.2167,304.96,66,20,4.63,ID,1673155597
89,sulangan,11.1373,123.7228,299.6,70,97,8.8,PH,1673155795
90,anadyr,64.75,177.4833,259.43,85,100,2.0,RU,1673155796
91,kavieng,-2.5744,150.7967,302.22,70,71,3.13,PG,1673155797
92,yanam,16.7333,82.2167,298.73,51,0,2.83,IN,1673155799
93,cairns,-16.9167,145.7667,304.85,80,100,3.09,AU,1673155800
94,chuy,-33.6971,-53.4616,292.75,82,1,4.24,UY,1673155435
95,sao luis de montes belos,-16.525,-50.3722,292.17,99,100,1.53,BR,1673155801
96,san patricio,28.017,-97.5169,295.55,94,17,4.16,US,1673155590
97,monmouth,40.3001,-74.1663,278.05,80,0,3.09,US,1673155803
98,fortuna,40.5982,-124.1573,286.34,92,100,9.77,US,1673155217
99,codrington,-38.2667,141.9667,301.91,33,3,5.97,AU,1673155717
100,brae,60.3964,-1.353,280.56,82,30,10.13,GB,1673155805
101,tali,9.4501,-1.1169,296.06,24,2,3.19,GH,1673155806
102,hilo,19.7297,-155.09,300.53,86,0,2.57,US,1673155711
103,mantua,45.1667,10.7833,281.12,92,99,0.45,IT,1673155807
104,chebsara,59.2002,38.8356,254.78,100,93,1.5,RU,1673155808
105,kochi,9.9399,76.2602,303.14,54,0,2.04,IN,1673155809
106,shitanjing,39.2342,106.3439,278.0,20,29,1.42,CN,1673155810
107,nikolskoye,59.7035,30.7861,255.32,83,80,2.89,RU,1673155649
108,necochea,-38.5473,-58.7368,291.47,80,40,6.72,AR,1673155811
109,dikson,73.5069,80.5464,254.85,94,100,2.86,RU,1673155280
110,maceio,-9.6658,-35.7353,295.84,94,20,2.06,BR,1673155307
111,wajima,37.4,136.9,278.53,87,75,0.51,JP,1673155800
112,marawi,7.9986,124.2928,293.53,90,100,2.07,PH,1673155814
113,ilulissat,69.2167,-51.1,259.16,61,53,1.03,GL,1673155805
114,aksarka,66.5606,67.7975,231.14,100,55,1.0,RU,1673155816
115,airai,-8.9266,125.4092,295.3,65,70,1.94,TL,1673155818
116,ocala,29.1872,-82.1401,282.56,83,0,0.0,US,1673155819
117,la paz,-16.5,-68.15,281.14,93,75,3.6,BO,1673155801
118,kaitangata,-46.2817,169.8464,289.9,63,0,6.75,NZ,1673155614
119,ciudad real,39.0,-4.0,284.9,97,100,3.13,ES,1673155821
120,esperance,-33.8667,121.9,293.6,57,0,5.46,AU,1673155435
121,pochutla,15.7432,-96.4661,295.27,60,0,2.0,MX,1673155822
122,zabol,32.25,67.25,273.68,100,100,1.08,AF,1673155781
123,bambous virieux,-20.3428,57.7575,301.29,69,75,5.14,MU,1673155824
124,saint-philippe,-21.3585,55.7679,301.92,75,19,4.92,RE,1673155759
125,faanui,-16.4833,-151.75,300.7,67,37,1.65,PF,1673155829
126,bengkulu,-3.8004,102.2655,301.85,65,90,4.9,ID,1673155806
127,arraial do cabo,-22.9661,-42.0278,294.62,87,100,5.7,BR,1673155807
128,saskylakh,71.9167,114.0833,237.12,99,100,1.52,RU,1673155525
129,seminole,28.7086,-81.2081,287.16,91,0,1.54,US,1673155831
130,honiara,-9.4333,159.95,301.52,77,100,1.83,SB,1673155832
131,umba,66.6871,34.3429,254.68,97,81,0.37,RU,1673155833
132,rio grande,-32.035,-52.0986,294.05,74,4,5.82,BR,1673155834
133,morondava,-20.2833,44.2833,300.67,71,73,1.72,MG,1673155571
134,twentynine palms,34.1356,-116.0542,284.74,55,100,1.5,US,1673155835
135,upernavik,72.7868,-56.1549,247.27,94,26,4.51,GL,1673155583
136,bambanglipuro,-7.95,110.2833,301.68,69,43,3.85,ID,1673155821
137,broome,42.2506,-75.833,272.41,76,100,5.66,US,1673155838
138,lagoa,39.05,-27.9833,289.46,85,95,10.9,PT,1673155505
139,porto novo,6.4965,2.6036,299.05,91,44,1.12,BJ,1673155840
140,mar del plata,-38.0023,-57.5575,294.87,91,75,7.6,AR,1673155617
141,thinadhoo,0.5333,72.9333,299.41,80,63,3.85,MV,1673155841
142,ruidoso,33.3317,-105.673,276.77,34,8,2.06,US,1673155842
143,lugo,43.0,-7.5,283.58,98,100,1.79,ES,1673155842
144,richards bay,-28.783,32.0377,294.2,71,14,3.16,ZA,1673155830
145,muros,42.7762,-9.0603,285.42,94,100,4.79,ES,1673155558
146,nanortalik,60.1432,-45.2371,269.13,76,100,2.73,GL,1673155555
147,kisangani,0.5167,25.2,296.6,59,100,0.81,CD,1673155845
148,nantucket,41.2835,-70.0995,277.21,75,0,6.17,US,1673155845
149,wanning,18.8003,110.3967,293.04,92,100,3.78,CN,1673155677
150,chokurdakh,70.6333,147.9167,243.97,98,100,2.07,RU,1673155847
151,ribeira grande,38.5167,-28.7,290.25,93,68,6.71,PT,1673155491
152,bonavista,48.6499,-53.1147,271.16,80,57,0.91,CA,1673155848
153,ugoofaaru,5.6667,73.0,300.16,74,42,4.82,MV,1673155309
154,fostoria,41.157,-83.4169,273.83,79,17,2.24,US,1673155850
155,burns lake,54.2331,-125.7533,265.83,95,100,1.0,CA,1673155850
156,makakilo city,21.3469,-158.0858,296.17,78,0,3.09,US,1673155852
157,atar,20.5169,-13.0499,291.46,20,100,5.34,MR,1673155853
158,bathsheba,13.2167,-59.5167,299.49,78,20,9.77,BB,1673155854
159,khatanga,71.9667,102.5,235.36,100,100,1.46,RU,1673155774
160,kokologo,12.1897,-1.8856,292.83,25,8,4.33,BF,1673155856
161,ritchie,-29.038,24.6028,296.92,36,0,4.77,ZA,1673155857
162,palmer,42.1584,-72.3287,272.9,74,0,3.09,US,1673155858
163,hervey bay,-25.2986,152.8535,299.23,67,33,6.99,AU,1673155591
164,lavrentiya,65.5833,-171.0,251.46,97,44,2.46,RU,1673155860
165,adrar,20.5022,-10.0711,289.54,19,100,5.64,MR,1673155577
166,labuhan,-6.8844,112.2051,303.04,64,92,3.22,ID,1673155861
167,aras,42.5617,-2.356,281.9,93,75,0.51,ES,1673155862
168,kotaparh,19.15,82.35,297.19,13,0,2.97,IN,1673155863
169,bukoba,-1.3317,31.8122,293.69,62,99,1.03,TZ,1673155634
170,kodiak,57.79,-152.4072,271.88,69,0,9.77,US,1673155523
171,road town,18.4167,-64.6167,297.2,80,11,6.44,VG,1673155865
172,tarakan,3.3,117.6333,300.87,78,40,2.06,ID,1673155601
173,muisne,0.6,-80.0333,297.39,82,96,2.58,EC,1673155866
174,klaksvik,62.2266,-6.589,279.66,86,83,10.89,FO,1673155581
175,vestmanna,62.1564,-7.1664,278.66,93,100,8.75,FO,1673155541
176,lebu,-37.6167,-73.65,286.67,92,57,3.08,CL,1673155606
177,kaura namoda,12.5898,6.5779,289.6,23,8,4.54,NG,1673155700
178,cabo san lucas,22.8909,-109.9124,294.55,83,0,1.79,MX,1673155596
179,abapo,-18.8333,-63.4667,292.33,75,97,1.76,BO,1673155869
180,saldanha,-33.0117,17.9442,288.18,85,0,3.74,ZA,1673155769
181,tuzha,57.6062,47.936,242.94,100,93,2.67,RU,1673155870
182,sault sainte marie,46.5168,-84.3333,265.05,92,100,3.09,CA,1673155871
183,sept-iles,50.2001,-66.3821,263.15,61,75,6.69,CA,1673155872
184,merauke,-8.4667,140.3333,302.26,72,100,2.99,ID,1673155827
185,rio gallegos,-51.6226,-69.2181,285.18,82,0,1.03,AR,1673155171
186,dalvik,65.9702,-18.5286,274.11,99,100,6.77,IS,1673155873
187,sao filipe,14.8961,-24.4956,295.4,69,7,4.73,CV,1673155874
188,avarua,-21.2078,-159.775,298.18,83,75,1.03,CK,1673155587
189,iqaluit,63.7506,-68.5145,247.0,70,20,10.29,CA,1673155578
190,lorengau,-2.0226,147.2712,301.9,72,97,1.65,PG,1673155876
191,salalah,17.0151,54.0924,298.2,65,20,1.03,OM,1673155577
192,tupelo,34.2576,-88.7034,288.09,91,100,1.54,US,1673155877
193,kosovo polje,42.6394,21.0961,272.71,86,75,1.03,XK,1673155878
194,guerrero negro,27.9769,-114.0611,288.54,68,0,4.17,MX,1673155806
195,east london,-33.0153,27.9116,293.67,73,0,3.09,ZA,1673155792
196,bicazu ardelean,46.85,25.9333,275.82,96,96,0.99,RO,1673155881
197,hami,42.8,93.45,273.14,34,6,0.24,CN,1673155882
198,kismayo,-0.3582,42.5454,300.6,71,64,7.05,SO,1673155883
199,pomabamba,-8.8333,-77.4667,283.13,87,94,1.58,PE,1673155884
200,mizdah,31.4451,12.9801,282.34,79,61,4.75,LY,1673155884
201,quelimane,-17.8786,36.8883,299.12,94,75,2.57,MZ,1673155885
202,jinxiang,27.4327,120.6062,289.06,55,0,1.71,CN,1673155886
203,riyadh,24.6877,46.7219,284.23,69,14,2.18,SA,1673155297
204,lovington,32.944,-103.3485,275.94,41,67,2.52,US,1673155887
205,natal,-5.795,-35.2094,298.27,83,75,3.6,BR,1673155888
206,zhigalovo,54.8097,105.1578,260.35,89,95,0.89,RU,1673155888
207,thompson,55.7435,-97.8558,255.24,85,75,1.54,CA,1673155703
208,sibu,2.3,111.8167,303.32,74,40,2.06,MY,1673155696
209,alofi,-19.0595,-169.9187,300.09,89,93,4.63,NU,1673155559
210,banbury,52.0602,-1.3403,280.34,87,100,0.45,GB,1673155891
211,luangwa,-15.6167,30.4167,295.49,96,100,0.7,ZM,1673155892
212,vilyuysk,63.7553,121.6247,247.14,98,100,1.1,RU,1673155893
213,araouane,18.9048,-3.5265,289.3,19,100,5.55,ML,1673155894
214,forest,37.3638,-79.2897,276.18,62,0,3.09,US,1673155895
215,belaya gora,68.5333,146.4167,240.53,97,100,1.53,RU,1673155896
216,sao joao da barra,-21.6403,-41.0511,293.24,95,100,4.03,BR,1673155318
217,padang,-0.9492,100.3543,301.18,67,76,2.26,ID,1673155317
218,hvolsvollur,63.7533,-20.2243,271.49,80,100,4.68,IS,1673155897
219,ahipara,-35.1667,173.1667,295.44,81,25,1.93,NZ,1673155498
220,talnakh,69.4865,88.3972,238.26,99,100,4.53,RU,1673155390
221,martapura,-3.4167,114.85,298.2,94,40,3.09,ID,1673155894
222,bacolod,10.6667,122.95,298.74,76,100,6.69,PH,1673155771
223,wau,7.7029,27.9953,295.98,27,31,3.49,SS,1673155900
224,hofn,64.2539,-15.2082,279.16,56,75,6.69,IS,1673155901
225,clyde river,70.4692,-68.5914,239.28,75,0,2.06,CA,1673155791
226,farroupilha,-29.225,-51.3478,288.29,96,4,1.45,BR,1673155902
227,lengshuitan,26.4111,111.5956,294.14,27,21,1.14,CN,1673155903
228,lompoc,34.6391,-120.4579,287.47,71,20,8.49,US,1673155610
229,marsh harbour,26.5412,-77.0636,294.33,64,0,5.69,BS,1673155904
230,manvi,15.9833,77.05,299.37,30,0,3.79,IN,1673155905
231,sayyan,15.1718,44.3244,285.57,52,0,1.86,YE,1673155906
232,purulha,15.2667,-90.2,282.68,92,45,0.76,GT,1673155906
233,oga,46.4631,10.347,271.5,95,99,3.6,IT,1673155907
234,vostok,46.4856,135.8833,260.98,81,20,1.22,RU,1673155908
235,kos,36.8933,27.2889,283.84,62,0,2.38,GR,1673155909
236,nieuwpoort,51.1244,2.7735,280.51,87,40,5.14,BE,1673155910
237,champerico,14.3,-91.9167,297.96,72,1,2.53,GT,1673155910
238,hobyo,5.3505,48.5268,300.03,67,5,8.34,SO,1673155911
239,tomatlan,19.9333,-105.25,292.05,87,0,1.34,MX,1673155912
240,harnosand,62.6323,17.9379,273.15,98,100,10.01,SE,1673155913
241,dawei,14.0833,98.2,303.52,41,52,0.66,MM,1673155666
242,severo-yeniseyskiy,60.3725,93.0408,255.33,95,100,1.09,RU,1673155914
243,evensk,61.95,159.2333,246.4,80,22,3.05,RU,1673155915
244,nueva guinea,11.6876,-84.4562,293.08,98,16,2.42,NI,1673155915
245,new port richey,28.2442,-82.7193,288.82,79,0,4.09,US,1673155916
246,georgetown,5.4112,100.3354,303.11,74,20,3.6,MY,1673155517
247,fereydun kenar,36.6864,52.5225,283.45,84,99,7.02,IR,1673155917
248,leshukonskoye,64.8989,45.7622,231.79,100,56,0.64,RU,1673155918
249,klyuchi,52.2667,79.1667,271.32,94,100,8.76,RU,1673155618
250,oktyabrskoye,43.0645,44.7417,261.23,85,100,2.0,RU,1673155919
251,key largo,25.0865,-80.4473,294.82,73,0,5.7,US,1673155920
252,gorin,51.1983,136.6669,253.52,92,97,2.58,RU,1673155921
253,gazanjyk,39.2446,55.5154,273.24,90,100,3.36,TM,1673155922
254,dankov,53.2515,39.1555,256.8,87,5,2.84,RU,1673155922
255,chapais,49.7834,-74.8492,258.03,97,92,2.01,CA,1673155600
256,calama,-22.4667,-68.9333,282.42,23,0,2.06,CL,1673155758
257,kasongo-lunda,-6.4667,16.8167,294.47,90,100,0.34,CD,1673155924
258,broken hill,-31.95,141.4333,307.38,15,57,3.99,AU,1673155382
259,grand-santi,4.25,-54.3833,294.79,100,97,1.01,GF,1673155925
260,hambantota,6.1241,81.1185,302.34,79,20,5.66,LK,1673155926
261,itatskiy,56.07,89.0369,272.15,81,100,5.55,RU,1673155926
262,pemangkat,1.1667,108.9667,301.24,74,66,3.65,ID,1673155927
263,port hardy,50.6996,-127.4199,278.25,100,40,2.06,CA,1673155928
264,colares,38.7992,-9.4469,290.24,92,100,5.81,PT,1673155553
265,moussoro,13.6408,16.4901,289.07,24,9,4.42,TD,1673155929
266,ancud,-41.8697,-73.8203,287.31,95,100,1.48,CL,1673155930
267,constitucion,-35.3333,-72.4167,286.94,89,0,3.05,CL,1673155742
268,naze,28.3667,129.4833,289.66,56,0,4.47,JP,1673155220
269,fare,-16.7,-151.0167,300.87,66,62,1.96,PF,1673155726
270,las vegas,36.175,-115.1372,282.73,69,0,1.54,US,1673155933
271,touros,-5.1989,-35.4608,298.72,79,99,4.12,BR,1673155830
272,waitati,-45.75,170.5667,288.6,95,0,5.16,NZ,1673155934
273,mehamn,71.0357,27.8492,263.12,79,23,7.72,NO,1673155935
274,mundo nuevo,18.7,-95.5,294.99,79,0,2.84,MX,1673155936
275,arlit,18.7369,7.3853,290.74,29,1,2.51,NE,1673155413
276,sawakin,19.1059,37.3321,295.11,62,68,3.28,SD,1673155938
277,nanuque,-17.8392,-40.3539,295.46,96,100,2.65,BR,1673155939
278,mahibadhoo,3.7833,72.9667,300.29,77,43,8.38,MV,1673155940
279,norman wells,65.282,-126.8329,248.17,77,75,1.54,CA,1673155523
280,syracuse,37.0881,15.2792,283.92,72,6,2.62,IT,1673155941
281,vardo,70.3705,31.1107,267.14,73,5,6.69,NO,1673155942
282,lata,40.1629,-8.3327,287.64,97,100,6.54,PT,1673155942
283,goderich,43.7501,-81.7165,270.33,80,70,1.03,CA,1673155882
284,katsuura,35.1333,140.3,284.13,45,0,1.58,JP,1673155721
285,tuktoyaktuk,69.4541,-133.0374,250.15,84,75,2.06,CA,1673155810
286,mandalgovi,45.7625,106.2708,268.29,46,100,2.71,MN,1673155945
287,tapejara,-28.0681,-52.0139,286.59,96,0,2.74,BR,1673155946
288,sambava,-14.2667,50.1667,299.4,79,16,2.95,MG,1673155397
289,hualmay,-11.0964,-77.6139,293.71,83,65,2.39,PE,1673155665
290,porto belo,-27.1578,-48.5531,294.35,84,16,2.81,BR,1673155947
291,geraldton,-28.7667,114.6,301.38,42,0,12.35,AU,1673155651
292,akureyri,65.6835,-18.0878,274.11,93,100,4.63,IS,1673155949
293,viedma,-40.8135,-62.9967,303.15,28,5,8.03,AR,1673155743
294,zaragoza,41.6561,-0.8773,280.4,87,20,2.57,ES,1673155950
295,yumen,40.2833,97.2,275.48,20,44,1.86,CN,1673155950
296,hasaki,35.7333,140.8333,286.05,50,4,4.08,JP,1673155276
297,ulaangom,49.9811,92.0667,252.17,97,94,0.93,MN,1673155952
298,rantepao,-2.9701,119.8978,299.02,78,96,0.39,ID,1673155952
299,hearst,49.6835,-83.6665,267.29,89,100,5.04,CA,1673155953
300,gumdag,39.2061,54.5906,276.1,72,100,5.94,TM,1673155954
301,rosetta,31.4044,30.4164,289.12,74,4,3.71,EG,1673155954
302,myre,69.1036,15.9492,272.12,72,61,12.6,NO,1673155955
303,mranggen,-7.0268,110.5158,303.06,74,20,3.09,ID,1673155956
304,kununurra,-15.7667,128.7333,309.14,41,40,3.6,AU,1673155957
305,cockburn town,21.4612,-71.1419,298.63,71,0,7.83,TC,1673155958
306,okhotsk,59.3833,143.3,244.73,81,3,6.06,RU,1673155959
307,namatanai,-3.6667,152.4333,302.3,71,92,2.81,PG,1673155959
308,charters towers,-20.1,146.2667,303.49,47,99,5.65,AU,1673155960
309,severo-kurilsk,50.6789,156.125,269.22,64,93,9.44,RU,1673155545
310,taft,31.7471,54.2088,277.12,52,0,1.03,IR,1673155961
311,inirida,3.8653,-67.9239,294.21,99,100,1.14,CO,1673155902
312,strelka,58.0728,93.0344,269.62,96,100,3.27,RU,1673155963
313,aguimes,27.9054,-15.4461,289.5,72,20,4.63,ES,1673155963
314,ostrovnoy,68.0531,39.5131,259.21,96,73,4.13,RU,1673155964
315,chumikan,54.7183,135.315,258.67,82,99,7.78,RU,1673155965
316,wahpeton,46.2652,-96.6059,261.99,92,0,3.6,US,1673155966
317,berdigestyakh,62.0989,126.6992,249.31,99,100,0.92,RU,1673155967
318,strezhevoy,60.7333,77.5889,254.32,95,100,4.26,RU,1673155967
319,fort smith,35.3859,-94.3986,280.18,73,0,3.6,US,1673155968
320,pisco,-13.7,-76.2167,294.18,83,0,1.03,PE,1673155565
321,jumla,29.2747,82.1838,287.87,16,0,2.24,NP,1673155970
322,camacha,33.0833,-16.3333,289.83,82,40,4.63,PT,1673155971
323,gaoual,11.75,-13.2,293.45,32,71,0.72,GN,1673155972
324,suntar,62.1444,117.6319,255.68,94,100,2.67,RU,1673155972
325,verkhniy ufaley,56.0567,60.2306,249.35,95,100,3.65,RU,1673155973
326,sumbawanga,-7.9667,31.6167,291.04,82,40,2.57,TZ,1673155974
327,pevek,69.7008,170.3133,247.59,97,99,2.96,RU,1673155824
328,cozumel,20.5083,-86.9458,296.19,83,40,3.09,MX,1673155975
329,port macquarie,-31.4333,152.9167,296.98,61,32,7.0,AU,1673155876
330,halifax,44.6453,-63.5724,274.54,93,92,1.79,CA,1673155803
331,saint-augustin,51.226,-58.6502,264.97,96,100,1.12,CA,1673155976
332,khor,47.8861,134.9464,256.56,94,43,1.75,RU,1673155977
333,dangtu,31.5723,118.4928,292.18,20,0,2.78,CN,1673155978
334,horadiz,39.4488,47.3353,274.02,86,100,5.15,AZ,1673155978
335,fairbanks,64.8378,-147.7164,259.13,85,100,0.0,US,1673155826
336,dahegam,23.1667,72.8167,296.02,34,0,4.0,IN,1673155980
337,long beach,33.767,-118.1892,288.15,83,0,1.54,US,1673155981
338,canoinhas,-26.1772,-50.39,287.94,83,46,1.42,BR,1673155982
339,ishim,56.1128,69.4902,251.67,94,100,4.47,RU,1673155983
340,grand gaube,-20.0064,57.6608,301.37,65,7,4.02,MU,1673155983
341,asfi,32.2994,-9.2372,287.37,75,44,1.51,MA,1673155984
342,oranjestad,12.524,-70.027,299.21,87,0,1.34,AW,1673155926
343,san cristobal,7.7669,-72.225,293.25,95,95,0.72,VE,1673155985
344,port augusta,-32.5,137.7667,311.53,10,85,4.8,AU,1673155986
345,ketchikan,55.3422,-131.6461,281.14,87,100,3.6,US,1673155987
346,lazaro cardenas,17.9583,-102.2,296.2,83,0,1.82,MX,1673155584
347,bandarbeyla,9.4942,50.8122,298.36,74,23,6.91,SO,1673155511
348,nouakchott,18.0858,-15.9785,292.11,30,100,5.96,MR,1673155894
349,sinnamary,5.3833,-52.95,296.81,91,97,3.64,GF,1673155924
350,fort nelson,58.8053,-122.7002,257.92,85,75,1.03,CA,1673155990
351,mount gambier,-37.8333,140.7667,302.62,28,38,5.43,AU,1673155991
352,krasnoselkup,65.7,82.4667,231.02,99,50,2.53,RU,1673155732
353,tigil,57.8,158.6667,248.95,100,93,1.06,RU,1673155992
354,uyar,55.81,94.3153,271.93,76,100,6.35,RU,1673155993
355,pacifica,37.6138,-122.4869,286.34,85,100,10.8,US,1673155993
356,moron,-34.6534,-58.6198,298.69,61,18,4.31,AR,1673155994
357,sorland,67.667,12.6934,275.07,64,99,13.02,NO,1673155995
358,bubaque,11.2833,-15.8333,299.35,53,92,7.38,GW,1673155725
359,russell,32.3502,-85.1999,285.72,100,0,0.0,US,1673155996
360,sakti,22.0333,82.9667,295.65,13,0,0.22,IN,1673155997
361,yar-sale,66.8333,70.8333,232.99,100,38,2.36,RU,1673155540
362,namtsy,62.7161,129.6658,242.37,97,100,1.86,RU,1673155998
363,doos,10.4653,124.7294,296.96,90,100,2.62,PH,1673155876
364,nauen,52.607,12.8737,279.88,82,100,3.49,DE,1673155999
365,glens falls,43.3095,-73.644,270.55,77,0,3.6,US,1673155999
366,zhigansk,66.7697,123.3711,245.99,96,100,6.06,RU,1673156000
367,salinopolis,-0.6136,-47.3561,298.61,84,100,3.09,BR,1673156002
368,ghidfalau,45.9,25.85,277.7,94,90,1.19,RO,1673156003
369,hovd,48.0056,91.6419,263.97,74,8,1.4,MN,1673156003
370,spas-demensk,54.4122,34.0226,256.55,93,30,1.52,RU,1673156004
371,bardiyah,31.7561,25.0865,286.58,81,40,4.57,LY,1673156005
372,hamilton,39.1834,-84.5333,273.7,82,20,2.57,US,1673155550
373,tifton,31.4505,-83.5085,282.75,90,0,1.55,US,1673156006
374,aksu,41.1231,80.2644,275.43,26,60,0.61,CN,1673155813
375,nanzhang,31.7765,111.8386,292.35,26,0,2.48,CN,1673156007
376,la rioja,42.25,-2.5,274.03,88,100,2.74,ES,1673156008
377,polyarnyy,69.1989,33.4478,257.04,98,56,4.82,RU,1673156008
378,sola,-13.8833,167.55,301.11,75,92,5.87,VU,1673156009
379,gamba,-2.65,10.0,297.38,88,100,2.25,GA,1673156010
380,kaduqli,11.0167,29.7167,293.83,29,6,5.48,SD,1673156011
381,tigre,-34.426,-58.5796,298.83,62,0,4.63,AR,1673156012
382,beyneu,45.3167,55.2,262.6,47,3,8.39,KZ,1673156013
383,mazyr,52.0495,29.2456,264.23,59,23,4.83,BY,1673156014
384,poysdorf,48.6667,16.6333,279.58,89,99,4.49,AT,1673156014
385,te anau,-45.4167,167.7167,298.4,40,3,1.17,NZ,1673155918
386,bolshaya rechka,51.9503,104.7355,262.3,81,28,1.8,RU,1673156015
387,veraval,20.9,70.3667,300.33,49,0,2.2,IN,1673156016
388,lira,2.235,32.9097,296.23,34,84,1.14,UG,1673156017
389,hukuntsi,-24.0,21.75,295.91,54,12,7.26,BW,1673155896
390,kirakira,-10.4544,161.9205,302.06,70,100,3.3,SB,1673155872
391,drayton valley,53.2168,-114.9854,264.6,96,74,1.79,CA,1673156020
392,lokosovo,61.1333,74.8167,250.92,95,100,5.08,RU,1673156021
393,pandan,14.0453,124.1694,298.77,72,100,7.21,PH,1673156021
394,ludhiana,30.9,75.85,291.23,27,8,4.09,IN,1673156022
395,flin flon,54.7682,-101.865,263.56,96,14,2.39,CA,1673155449
396,celestun,20.8667,-90.4,295.7,82,0,7.09,MX,1673156023
397,blythe,33.6103,-114.5964,285.4,54,0,0.0,US,1673156024
398,shasta lake,40.6804,-122.3708,281.55,90,100,1.34,US,1673156025
399,mogadishu,2.0371,45.3438,300.08,78,75,7.2,SO,1673156026
400,jaciara,-15.9653,-54.9683,293.88,90,100,1.44,BR,1673156026
401,tura,25.5198,90.2201,297.16,29,0,1.07,IN,1673155494
402,kucove,40.8003,19.9167,281.24,65,0,1.81,AL,1673156029
403,pathein,16.7833,94.7333,303.4,41,20,2.97,MM,1673156029
404,igrim,63.1906,64.4162,240.09,86,100,4.59,RU,1673155868
405,buala,-8.145,159.5921,302.11,65,100,1.6,SB,1673155982
406,tahta,26.7693,31.5021,285.81,56,62,2.34,EG,1673156031
407,andijon,40.7821,72.3442,279.75,45,90,0.67,UZ,1673156032
408,dhidhdhoo,6.8833,73.1,300.43,70,23,3.65,MV,1673155858
409,buchanan,5.8808,-10.0467,297.64,88,44,2.31,LR,1673156033
410,lisala,2.15,21.5167,294.4,45,100,1.12,CD,1673156033
411,the valley,18.217,-63.0578,296.07,78,35,8.8,AI,1673155997
412,waycross,31.2136,-82.354,280.18,93,0,1.54,US,1673156035
413,matara,5.9485,80.5353,303.03,57,61,3.2,LK,1673155820
414,port hedland,-20.3167,118.5667,304.18,66,100,7.2,AU,1673155624
415,kalmunai,7.4167,81.8167,299.66,77,51,6.92,LK,1673155666
416,tilichiki,60.4667,166.1,243.11,94,33,5.14,RU,1673156037
417,harper,4.375,-7.7169,298.46,86,60,2.91,LR,1673156039
418,turayf,31.6725,38.6637,276.29,93,20,2.06,SA,1673156039
419,sa kaeo,13.75,102.3333,298.5,52,98,4.93,TH,1673156040
420,luwuk,-0.9516,122.7875,302.19,75,100,0.78,ID,1673155893
421,tessalit,20.1986,1.0114,288.91,17,100,4.29,ML,1673156041
422,green valley,31.8543,-110.9937,287.18,72,15,0.92,US,1673156042
423,cooma,-36.2333,149.1333,299.45,20,0,3.46,AU,1673155834
424,roma,43.2128,-75.4557,270.22,83,0,2.57,US,1673156043
425,nizhniy odes,63.6445,54.856,233.23,99,60,2.1,RU,1673156044
426,tuatapere,-46.1333,167.6833,294.72,55,0,2.5,NZ,1673155906
427,provideniya,64.3833,-173.3,255.97,94,100,4.75,RU,1673155564
428,la primavera,5.4906,-70.4092,297.02,88,100,0.9,CO,1673156045
429,ilhabela,-23.7781,-45.3581,293.2,86,99,1.8,BR,1673156046
430,victoria,22.2855,114.1577,294.18,50,100,4.02,HK,1673155358
431,tiznit,29.5833,-9.5,283.59,59,0,0.15,MA,1673156047
432,saint-joseph,-21.3667,55.6167,301.36,71,18,3.42,RE,1673156048
433,alice springs,-23.7,133.8833,304.38,40,75,1.54,AU,1673155803
434,port-de-bouc,43.4,4.9833,288.16,80,75,7.72,FR,1673156049
435,kemijarvi,66.7131,27.4306,260.95,84,100,4.92,FI,1673156050
436,tabou,4.423,-7.3528,298.0,88,46,2.69,CI,1673155990
437,tayga,56.06,85.6197,269.66,87,100,6.14,RU,1673156051
438,saint andrews,34.0454,-81.1293,280.82,87,20,0.0,US,1673156052
439,podujevo,42.9106,21.1931,272.26,85,19,1.82,XK,1673156053
440,pampierstad,-27.7832,24.6877,297.96,46,0,4.91,ZA,1673156053
441,inhambane,-23.865,35.3833,297.14,83,75,5.14,MZ,1673156054
442,souillac,-20.5167,57.5167,301.36,69,75,5.14,MU,1673155733
443,solnechnyy,50.7214,136.6319,254.68,95,94,1.85,RU,1673156056
444,spencer,43.1414,-95.1444,259.66,76,100,0.0,US,1673156056
445,ucluelet,48.9329,-125.5528,280.98,86,100,5.49,CA,1673156057
446,neuquen,-38.9516,-68.0591,302.09,24,75,4.12,AR,1673156058
447,baherden,38.4362,57.4316,278.12,78,82,4.35,TM,1673156058
448,avila,40.5833,-5.0,281.29,94,100,3.61,ES,1673156059
449,boyuibe,-20.4167,-63.2833,295.93,48,100,1.02,BO,1673156060
450,karatau,43.1667,70.4667,281.91,63,85,5.99,KZ,1673156061
451,miyako,39.6367,141.9525,278.28,49,82,2.46,JP,1673155883
452,eyl,7.9803,49.8164,298.5,70,11,7.39,SO,1673155582
453,savalou,7.9281,1.9756,296.89,31,41,2.06,BJ,1673156062
454,mabaruma,8.2,-59.7833,294.72,99,100,0.97,GY,1673156063
455,northam,51.0333,-4.2167,279.05,95,73,7.76,GB,1673156063
456,myanaung,18.2833,95.3167,303.86,35,1,3.06,MM,1673156064
457,catamarca,-28.4696,-65.7852,298.99,44,100,5.4,AR,1673155728
458,tynda,55.1667,124.7167,251.29,93,92,0.76,RU,1673156065
459,aurora,39.7294,-104.8319,274.95,70,0,5.14,US,1673156066
460,ixtapa,20.7,-105.2,294.94,100,0,0.0,MX,1673155325
461,chatrapur,19.35,84.9833,296.9,26,0,2.54,IN,1673156067
462,gornyye klyuchi,45.25,133.5,262.15,88,57,0.72,RU,1673156068
463,kahului,20.8947,-156.47,296.16,78,0,3.09,US,1673155940
464,biltine,14.5333,20.9167,290.61,24,64,2.94,TD,1673156069
465,solwezi,-12.1688,26.3894,289.66,99,100,1.49,ZM,1673156070
466,asau,46.4333,26.4,274.66,99,100,1.37,RO,1673155783
467,praia da vitoria,38.7333,-27.0667,290.29,82,40,6.07,PT,1673156071
468,vila velha,-20.3297,-40.2925,295.34,97,100,2.57,BR,1673156072
469,kadipur,26.1667,82.3833,290.66,28,0,3.12,IN,1673156072
470,shenjiamen,29.9576,122.298,286.35,70,0,7.41,CN,1673156073
471,eston,51.1501,-108.7514,261.14,96,16,1.82,CA,1673156074
472,kargopol,61.5071,38.9456,243.29,100,67,0.12,RU,1673156074
473,claudio,-20.4433,-44.7658,289.91,97,100,1.8,BR,1673156075
474,kieta,-6.2167,155.6333,301.73,77,100,1.85,PG,1673155932
475,yerbogachen,61.2767,108.0108,251.72,96,100,4.21,RU,1673155821
476,chernyshevskiy,63.0128,112.4714,250.87,93,100,3.78,RU,1673156077
477,kupang,-10.1667,123.5833,304.47,70,40,5.14,ID,1673155848
478,quang ngai,15.1167,108.8,292.81,93,100,2.95,VN,1673155700
479,kloulklubed,7.0419,134.2556,301.43,76,100,6.4,PW,1673156079
480,yatou,37.15,122.3833,281.32,82,13,3.26,CN,1673156080
481,vammala,61.3333,22.9,264.58,92,100,5.1,FI,1673156080
482,vagur,61.4732,-6.8119,280.06,85,88,13.17,FO,1673156081
483,florianopolis,-27.6146,-48.5012,292.94,85,20,2.57,BR,1673156082
484,acapulco,16.8634,-99.8901,297.05,88,0,0.0,MX,1673156083
485,niquelandia,-14.4739,-48.4597,293.41,97,95,0.42,BR,1673156083
486,pangnirtung,66.1451,-65.7125,254.02,78,100,1.53,CA,1673155812
487,novyy urengoy,66.0833,76.6333,231.39,99,38,2.0,RU,1673155576
488,hay river,60.8156,-115.7999,255.14,85,20,2.06,CA,1673156085
489,porbandar,21.6422,69.6093,297.14,60,0,5.14,IN,1673156086
490,palu,-0.8917,119.8707,298.72,88,100,0.69,ID,1673155912
491,mitu,1.1983,-70.1733,294.63,100,100,1.01,CO,1673156087
492,bada,51.392,109.8717,265.82,77,30,1.62,RU,1673156088
493,sandwick,60.0,-1.25,281.05,81,75,10.29,GB,1673156088
494,puerto baquerizo moreno,-0.9,-89.6,295.3,88,7,2.61,EC,1673156090
495,troitsko-pechorsk,62.7084,56.1964,238.39,97,99,2.7,RU,1673155931
496,garachine,8.0647,-78.3628,297.93,87,6,2.08,PA,1673156092
497,imeni zhelyabova,58.9544,36.5956,251.64,100,92,0.91,RU,1673156092
498,kondagaon,19.6,81.6667,298.84,9,0,2.22,IN,1673156093
499,humboldt,40.6665,-123.9178,281.45,94,100,5.81,US,1673156094
500,kyra,49.5776,111.9753,265.29,75,95,1.78,RU,1673156095
501,baglung,28.2719,83.5898,293.9,17,0,2.44,NP,1673156096
502,xichang,27.8964,102.2634,289.27,45,0,1.3,CN,1673156029
503,piranshahr,36.701,45.1413,274.82,90,75,2.76,IR,1673156097
504,gat,31.61,34.7642,286.15,74,0,1.72,IL,1673156099
505,livenka,50.4491,38.2959,258.21,79,6,1.37,RU,1673156099
506,akdagmadeni,39.6603,35.8836,271.52,73,7,0.86,TR,1673156100
507,khorixas,-20.3667,14.9667,295.77,17,97,1.4,NA,1673155813
508,imbituba,-28.24,-48.6703,293.82,73,68,0.37,BR,1673156101
509,warri,5.5167,5.75,296.57,97,79,0.09,NG,1673156102
510,pringsewu,-5.3582,104.9744,304.28,55,100,1.54,ID,1673156103
511,linjiang,41.8069,126.9078,272.76,62,99,1.78,CN,1673156104
512,aripuana,-9.1667,-60.6333,293.88,100,88,0.84,BR,1673156104
513,gravelbourg,49.8834,-106.5512,266.3,86,18,3.32,CA,1673156105
514,vieques,18.425,-65.8329,296.17,94,20,0.0,PR,1673156106
515,lulea,65.5842,22.1547,268.19,93,100,8.23,SE,1673156106
516,goya,-29.14,-59.2626,295.51,34,19,2.78,AR,1673156107
517,zhuhai,22.2769,113.5678,294.03,72,40,2.06,CN,1673155951
518,eyrarbakki,63.863,-21.1481,275.18,79,100,5.14,IS,1673156109
519,bismarck,46.8083,-100.7837,262.63,81,0,3.09,US,1673156109
520,biskamzha,53.4497,89.5272,270.49,83,97,0.23,RU,1673156110
521,gokul,27.45,77.7167,291.07,24,7,2.96,IN,1673156111
522,los llanos de aridane,28.6585,-17.9182,288.01,67,0,4.63,ES,1673156111
523,vannes,47.8333,-2.5,282.49,85,21,5.64,FR,1673156112
524,pravia,43.4906,-6.1508,282.97,87,75,3.6,ES,1673156113
525,kaifeng,34.7911,114.3483,288.3,17,1,3.75,CN,1673156115
526,salinas,36.6777,-121.6555,286.6,85,100,2.06,US,1673156115
527,zhenlai,45.8495,123.2973,269.89,53,68,6.23,CN,1673156116
528,qaqortoq,60.7167,-46.0333,264.28,67,100,3.82,GL,1673156117
529,monte santo,-10.4378,-39.3328,291.76,90,26,1.08,BR,1673156118
530,kaeo,-35.1,173.7833,297.22,80,60,1.57,NZ,1673155937
531,ubinskoye,55.3068,79.6802,268.3,92,100,6.72,RU,1673156119
532,pilar,-9.5972,-35.9567,295.11,90,22,1.52,BR,1673156119
533,irbil,36.1926,44.0106,281.05,100,75,1.54,IQ,1673156120
534,amga,60.8953,131.9608,245.85,98,100,0.67,RU,1673156121
535,mayor pablo lagerenza,-19.9309,-60.7718,296.03,62,16,1.8,PY,1673156121
536,tisul,55.7611,88.3122,272.97,77,100,7.42,RU,1673156123
537,nalut,30.3333,10.85,279.24,64,0,2.87,LY,1673156123
538,aldan,58.6031,125.3894,256.29,96,100,1.6,RU,1673156124
539,lamu,-2.2717,40.902,301.27,75,60,4.44,KE,1673156125
540,kashi,39.4547,75.9797,273.71,32,20,1.0,CN,1673156125
541,spearfish,44.4908,-103.8594,276.4,47,0,4.02,US,1673156126
542,villazon,-22.0866,-65.5942,280.08,83,100,2.3,BO,1673156127
543,kibala,9.1104,18.3463,293.32,29,51,2.23,TD,1673155800
544,yokadouma,3.5167,15.05,293.62,43,92,1.31,CM,1673156129
545,svecha,58.2785,47.5164,242.49,99,53,3.06,RU,1673156069
546,khuzdar,27.7384,66.6434,287.94,37,50,1.36,PK,1673156130
547,eufaula,31.8913,-85.1455,279.17,87,0,1.54,US,1673156131
548,nong phai,15.9903,101.0618,301.48,39,98,1.83,TH,1673156132
549,olafsvik,64.8945,-23.7142,275.32,89,100,9.69,IS,1673156132
550,guane,22.2025,-84.0875,293.89,92,2,3.29,CU,1673156134
551,sisophon,13.5859,102.9737,296.8,58,99,2.12,KH,1673156135
552,ayan,56.45,138.1667,254.98,87,11,0.8,RU,1673155992
553,quatre cocos,-20.2078,57.7625,301.21,68,24,5.72,MU,1673156136
554,husavik,66.0449,-17.3389,274.95,99,100,9.53,IS,1673156017
555,nakasongola,1.3089,32.4564,297.1,34,37,1.31,UG,1673156137
556,virden,39.5009,-89.7679,273.74,84,99,2.85,US,1673156139
557,havelock,34.8791,-76.9013,281.44,93,0,0.0,US,1673156140
558,kabare,-2.4683,28.8242,292.22,80,88,0.36,CD,1673156141
559,vestmannaeyjar,63.4427,-20.2734,275.16,73,99,11.33,IS,1673156142
560,lanigan,51.8501,-105.0344,258.09,96,6,1.94,CA,1673156143
561,havre-saint-pierre,50.2334,-63.5986,266.15,73,100,4.12,CA,1673156143
562,caravelas,-17.7125,-39.2481,296.12,95,100,1.46,BR,1673156144
563,general pico,-35.6566,-63.7568,298.2,30,78,6.56,AR,1673155875
564,manokwari,-0.8667,134.0833,300.37,80,100,1.18,ID,1673155343
565,mangrol,21.1167,70.1167,299.99,50,0,2.39,IN,1673156147
566,gobabis,-22.45,18.9667,297.14,20,14,5.78,NA,1673156147
567,monrovia,6.3005,-10.7969,296.02,85,13,2.88,LR,1673156148
568,atbasar,51.8,68.3333,272.43,85,100,13.07,KZ,1673156149
569,pacific grove,36.6177,-121.9166,285.61,90,100,3.13,US,1673156149
570,pasni,25.2631,63.471,294.31,63,0,0.73,PK,1673156150
571,ponta delgada,37.7333,-25.6667,289.55,94,75,8.23,PT,1673156013
572,kruisfontein,-34.0033,24.7314,291.5,70,25,2.5,ZA,1673155553
